{
    'success': true, 
    'masks': [{
          "id": "1",
          "name": "Arrogance",
          "icon": "arrogance.png"
        },
        {
          "id": "2",
          "group_id": "1",
          "name": "Pride",
          "icon": "pride.png"
        },
        {
          "id": "3",
          "group_id": "1",
          "name": "Shame",
          "icon": "shame.png"
        },
        {
          "id": "4",
          "group_id": "1",
          "name": "Fear",
          "icon": "fear.png"
        },
        {
          "id": "5",
          "group_id": "2",
          "name": "Abandon",
          "icon": "abandon.png"
        },
        {
          "id": "6",
          "group_id": "2",
          "name": "Reject",
          "icon": "reject.png"
        },
        {
          "id": "7",
          "group_id": "2",
          "name": "Guilt",
          "icon": "guilt.png"
        },
        {
          "id": "8",
          "group_id": "3",
          "name": "Persecutor",
          "icon": "persecutor.png"
        },
        {
          "id": "9",
          "group_id": "3",
          "name": "Victim",
          "icon": "victim.png"
        },
        {
          "id": "10",
          "group_id": "3",
          "name": "Savior",
          "icon": "savior.png"
        },
        {
          "id": "11",
          "group_id": "4",
          "name": "Power",
          "icon": "power.png"
        },
        {
          "id": "12",
          "group_id": "4",
          "name": "Control",
          "icon": "control.png"
        },
        {
          "id": "13",
          "group_id": "4",
          "name": "Manipulation",
          "icon": "manipulation.png"
        },
        {
          "id": "14",
          "group_id": "6",
          "name": "Obtain",
          "icon": "obtain.png"
        },
        {
          "id": "15",
          "group_id": "6",
          "name": "Accumulate",
          "icon": "accumulate.png"
        },
        {
          "id": "16",
          "group_id": "6",
          "name": "Attain",
          "icon": "attain.png"
        },
        {
          "id": "17",
          "group_id": "5",
          "name": "False Hope",
          "icon": "falsehope.png"
        },
        {
          "id": "18",
          "group_id": "5",
          "name": "Over Certainty",
          "icon": "overcertainty.png"
        },
        {
          "id": "19",
          "group_id": "5",
          "name": "Egocentrism",
          "icon": "egocentrism.png"
        },
        {
          "id": "20",
          "group_id": "7",
          "name": "Identity",
          "icon": "identity.png"
        },
        {
          "id": "21",
          "group_id": "7",
          "name": "Relationship",
          "icon": "relationship.png"
        },
        {
          "id": "22",
          "group_id": "7",
          "name": "Possession",
          "icon": "possession.png"
        }]
}